feature,importance
ret_1d,0.09534064270048423
mom_5d,0.0798711117072302
mom_252_21,0.0737033516466668
volume_reversal_1d,0.06529938985402568
volume_ratio_20d,0.05325509440527293
mom_60d,0.049860638929081116
vol_5d,0.044793150861959216
mom_126_21,0.044090813065018886
intraday_mom_20d,0.04263275969951756
overnight_mom_60d,0.04259433274175683
overnight_ret_1d,0.03857532324865132
overnight_intraday_spread_20d,0.03671258430484967
dollar_volume_log_shock_20,0.03567972970133491
intraday_mom_60d,0.03435019839165037
dollar_volume_rank_50,0.03274818627199644
high_ratio_252,0.03205760365369595
max_return_21d,0.030101507052825854
overnight_intraday_spread_60d,0.029583371559448846
max5_return_21d,0.026522158159009365
overnight_mom_20d,0.024271638860361277
vol_20d,0.024263848591233872
range_pct,0.021534433300635588
intraday_ret,0.02144838995173316
mom_20d,0.020709729874650723
