model,rank_ic,rank_ic_days,rmse_if_return_prediction,initial_capital,final_gross_equity,final_net_equity,cumulative_gross_return,cumulative_net_return,sharpe_net,max_drawdown_net,resolved_days,status,failure
ensemble,0.028288280453146564,501,0.021001435155966138,1000000.0,1709546.024289271,1709546.024289271,0.709546024289271,0.709546024289271,1.8348655688106794,-0.08792293109802685,501,resolved,
elastic_net,0.029318258769242385,501,,1000000.0,1737623.2401472554,1737623.2401472554,0.7376232401472553,0.7376232401472553,1.6799654697283761,-0.12268939986908356,501,resolved,
xgb_regression,0.025603622265706758,501,,1000000.0,1564215.0094508403,1564215.0094508403,0.5642150094508402,0.5642150094508402,1.2800115017418479,-0.18627077985216856,501,resolved,
xgb_ranker,0.025613209111356984,501,,1000000.0,1662283.7029655203,1662283.7029655203,0.6622837029655204,0.6622837029655204,1.876979423068732,-0.11549153253949651,501,resolved,
catboost,0.025716040316274887,501,,1000000.0,1713805.4889069921,1713805.4889069921,0.713805488906992,0.713805488906992,1.6458619835012223,-0.12810200337919087,501,resolved,
reversal,0.016442801247054065,501,,1000000.0,1501903.3376156134,1501903.3376156134,0.5019033376156135,0.5019033376156135,1.5263502580810588,-0.0812526575659337,501,resolved,
momentum,-0.00734766684742922,501,,1000000.0,2816810.2739152396,2816810.2739152396,1.8168102739152396,1.8168102739152396,1.8984127385222695,-0.26666661748655385,501,resolved,
notebook_baseline,0.011383372532121752,501,,1000000.0,1399355.1168548227,1399355.1168548227,0.39935511685482283,0.39935511685482283,1.4346933858450408,-0.10307654212019401,501,resolved,
tabpfn_3_5,0.018104038630486444,501,,1000000.0,3525086.8402554537,3525086.8402554537,2.5250868402554536,2.5250868402554536,1.392418132365672,-0.39395205360526153,501,resolved,
