Date,Ticker,rank,score,prediction,disagreement
2025-12-31,NEM,1,0.9758551307847083,0.0008866093500637588,0.011616705617497487
2025-12-31,HOOD,2,0.9577464788732395,0.0008866093500637588,0.07514132031742952
2025-12-31,VTR,3,0.9577464788732395,0.0008866093500637588,0.01707300075299512
2025-12-31,PLTR,4,0.9557344064386317,0.0008866093500637588,0.04162607820035648
2025-12-31,APP,5,0.9537223340040242,0.0008866093500637588,0.051429348122550816
2025-12-31,SMCI,6,0.9537223340040242,0.0008866093500637588,0.08853118712273643
2025-12-31,CIEN,7,0.9507042253521127,0.0008866093500637588,0.04173939069752273
2025-12-31,VLO,8,0.9336016096579477,0.0008866093500637588,0.02480649498176657
2025-12-31,INTC,9,0.9235412474849094,0.0008866093500637588,0.05241696494320571
2025-12-31,GLW,10,0.9175050301810865,0.0008866093500637588,0.009857101580616475
2025-12-31,FSLR,11,0.9064386317907444,0.0008866093500637588,0.07666145603578566
2025-12-31,HCA,12,0.8953722334004025,0.0008866093500637588,0.08321973102211191
2025-12-31,IBM,13,0.8702213279678068,0.0008866093500637588,0.0843071955890333
2025-12-31,CASY,14,0.8641851106639838,0.0008866093500637588,0.07401035878370024
2025-12-31,TXT,15,0.8621730382293763,0.0008866093500637588,0.09341882797878963
2025-12-31,RL,16,0.8621730382293762,0.0008866093500637588,0.09826249856800623
2025-12-31,WELL,17,0.8611670020120725,0.0008866093500637588,0.05719384468230138
2025-12-31,EQT,18,0.858148893360161,0.0008866093500637588,0.11090760331527302
2025-12-31,CRWD,19,0.8571428571428572,0.0008866093500637588,0.10452453246829325
2025-12-31,IBKR,20,0.8571428571428571,0.0008866093500637588,0.05348732940946176
